-- --------------------------------------------------------
-- Host:                         127.0.0.1
-- Server version:               5.5.37-0ubuntu0.14.04.1 - (Ubuntu)
-- Server OS:                    debian-linux-gnu
-- HeidiSQL Version:             8.3.0.4694
-- --------------------------------------------------------

/*!40101 SET @OLD_CHARACTER_SET_CLIENT=@@CHARACTER_SET_CLIENT */;
/*!40101 SET NAMES utf8 */;
/*!40014 SET @OLD_FOREIGN_KEY_CHECKS=@@FOREIGN_KEY_CHECKS, FOREIGN_KEY_CHECKS=0 */;
/*!40101 SET @OLD_SQL_MODE=@@SQL_MODE, SQL_MODE='NO_AUTO_VALUE_ON_ZERO' */;

-- Dumping database structure for cinema_example
CREATE DATABASE IF NOT EXISTS `cinema_example` /*!40100 DEFAULT CHARACTER SET utf8 */;
USE `cinema_example`;


-- Dumping structure for table cinema_example.cinema
CREATE TABLE IF NOT EXISTS `cinema` (
  `id` int(11) NOT NULL AUTO_INCREMENT,
  `name` varchar(50) NOT NULL,
  PRIMARY KEY (`id`)
) ENGINE=InnoDB AUTO_INCREMENT=4 DEFAULT CHARSET=utf8;

-- Dumping data for table cinema_example.cinema: ~3 rows (approximately)
/*!40000 ALTER TABLE `cinema` DISABLE KEYS */;
INSERT INTO `cinema` (`id`, `name`) VALUES
	(1, 'Cinema1'),
	(2, 'Cinema2'),
	(3, 'Cinema3');
/*!40000 ALTER TABLE `cinema` ENABLE KEYS */;


-- Dumping structure for table cinema_example.film
CREATE TABLE IF NOT EXISTS `film` (
  `id` int(11) NOT NULL AUTO_INCREMENT,
  `name` varchar(50) NOT NULL,
  PRIMARY KEY (`id`)
) ENGINE=InnoDB AUTO_INCREMENT=4 DEFAULT CHARSET=utf8;

-- Dumping data for table cinema_example.film: ~3 rows (approximately)
/*!40000 ALTER TABLE `film` DISABLE KEYS */;
INSERT INTO `film` (`id`, `name`) VALUES
	(1, 'Film 1'),
	(2, 'Film 2'),
	(3, 'Film 3');
/*!40000 ALTER TABLE `film` ENABLE KEYS */;


-- Dumping structure for table cinema_example.film_seance
CREATE TABLE IF NOT EXISTS `film_seance` (
  `id` int(11) NOT NULL AUTO_INCREMENT,
  `film_id` int(11) NOT NULL,
  `seance_id` int(11) NOT NULL,
  `hall_id` int(11) NOT NULL,
  PRIMARY KEY (`id`),
  UNIQUE KEY `uniq_seance_id_hall_id` (`seance_id`,`hall_id`),
  KEY `FK_film_seamce_hall` (`hall_id`),
  KEY `key_film_id` (`film_id`),
  CONSTRAINT `FK_film_seamce_film` FOREIGN KEY (`film_id`) REFERENCES `film` (`id`) ON DELETE NO ACTION ON UPDATE NO ACTION,
  CONSTRAINT `FK_film_seamce_hall` FOREIGN KEY (`hall_id`) REFERENCES `hall` (`id`) ON DELETE NO ACTION ON UPDATE NO ACTION,
  CONSTRAINT `FK_film_seamce_seance` FOREIGN KEY (`seance_id`) REFERENCES `seance` (`id`) ON DELETE NO ACTION ON UPDATE NO ACTION
) ENGINE=InnoDB AUTO_INCREMENT=288 DEFAULT CHARSET=utf8;

-- Dumping data for table cinema_example.film_seance: ~26 rows (approximately)
/*!40000 ALTER TABLE `film_seance` DISABLE KEYS */;
INSERT INTO `film_seance` (`id`, `film_id`, `seance_id`, `hall_id`) VALUES
	(6, 1, 1, 1),
	(7, 2, 2, 1),
	(8, 3, 3, 1),
	(9, 1, 1, 2),
	(10, 2, 2, 2),
	(11, 3, 3, 2),
	(12, 1, 4, 2),
	(13, 2, 5, 2),
	(14, 3, 6, 2),
	(15, 1, 7, 2),
	(16, 1, 1, 3),
	(17, 2, 2, 3),
	(18, 3, 3, 3),
	(19, 1, 4, 3),
	(20, 2, 5, 3),
	(21, 3, 6, 3),
	(22, 1, 7, 3),
	(23, 1, 1, 4),
	(24, 2, 2, 4),
	(25, 3, 3, 4),
	(26, 1, 1, 5),
	(27, 2, 2, 5),
	(28, 3, 3, 5),
	(29, 1, 1, 6),
	(30, 2, 2, 6),
	(31, 3, 3, 6),
	(32, 1, 8, 1),
	(33, 1, 8, 3),
	(34, 1, 8, 5),
	(35, 1, 8, 4),
	(36, 1, 8, 6),
	(37, 1, 8, 2),
	(38, 2, 9, 2),
	(39, 2, 9, 6),
	(40, 2, 9, 1),
	(41, 2, 9, 3),
	(42, 2, 9, 4),
	(43, 2, 9, 5),
	(44, 3, 10, 5),
	(45, 3, 10, 4),
	(46, 3, 10, 1),
	(47, 3, 10, 2),
	(48, 3, 10, 6),
	(49, 3, 10, 3),
	(50, 1, 11, 3),
	(51, 1, 11, 2),
	(53, 2, 12, 2),
	(56, 2, 12, 3),
	(57, 3, 13, 3),
	(58, 3, 14, 2),
	(59, 1, 15, 2),
	(60, 1, 16, 3),
	(61, 1, 17, 1),
	(62, 1, 17, 3),
	(63, 1, 17, 5),
	(64, 1, 17, 4),
	(65, 1, 17, 6),
	(66, 1, 17, 2),
	(68, 2, 18, 2),
	(69, 2, 18, 6),
	(70, 2, 18, 1),
	(71, 2, 18, 3),
	(72, 2, 18, 4),
	(73, 2, 18, 5),
	(74, 3, 19, 5),
	(75, 3, 19, 4),
	(76, 3, 19, 1),
	(77, 3, 19, 2),
	(78, 3, 19, 6),
	(79, 3, 19, 3),
	(80, 1, 20, 3),
	(81, 1, 20, 2),
	(82, 2, 21, 2),
	(83, 2, 21, 3),
	(84, 3, 22, 3),
	(85, 3, 23, 2),
	(86, 1, 24, 2),
	(87, 1, 25, 3),
	(88, 1, 26, 1),
	(89, 1, 26, 3),
	(90, 1, 26, 5),
	(91, 1, 26, 4),
	(92, 1, 26, 6),
	(93, 1, 26, 2),
	(94, 2, 27, 2),
	(95, 2, 27, 6),
	(96, 2, 27, 1),
	(97, 2, 27, 3),
	(98, 2, 27, 4),
	(99, 2, 27, 5),
	(100, 3, 28, 5),
	(101, 3, 28, 4),
	(102, 3, 28, 1),
	(103, 3, 28, 2),
	(104, 3, 28, 6),
	(105, 3, 28, 3),
	(106, 1, 29, 3),
	(107, 1, 29, 2),
	(108, 2, 30, 2),
	(109, 2, 31, 3),
	(110, 3, 32, 3),
	(111, 3, 33, 2),
	(112, 1, 34, 2),
	(113, 1, 35, 3),
	(114, 1, 36, 1),
	(115, 1, 36, 3),
	(116, 1, 36, 5),
	(117, 1, 36, 4),
	(118, 1, 36, 6),
	(119, 1, 36, 2),
	(120, 2, 37, 2),
	(121, 2, 37, 6),
	(122, 2, 37, 1),
	(123, 2, 37, 3),
	(124, 2, 37, 4),
	(125, 2, 37, 5),
	(126, 3, 38, 5),
	(127, 3, 38, 4),
	(128, 3, 38, 1),
	(129, 3, 38, 2),
	(130, 3, 38, 6),
	(131, 3, 38, 3),
	(132, 1, 39, 3),
	(133, 1, 39, 2),
	(134, 2, 40, 2),
	(135, 2, 41, 3),
	(136, 3, 42, 3),
	(137, 3, 43, 2),
	(138, 1, 44, 2),
	(139, 1, 45, 3),
	(140, 1, 46, 1),
	(141, 1, 46, 3),
	(142, 1, 46, 5),
	(143, 1, 46, 4),
	(144, 1, 46, 6),
	(145, 1, 46, 2),
	(146, 2, 47, 2),
	(147, 2, 47, 6),
	(148, 2, 47, 1),
	(149, 2, 47, 3),
	(150, 2, 47, 4),
	(151, 2, 47, 5),
	(152, 3, 48, 5),
	(153, 3, 48, 4),
	(154, 3, 48, 1),
	(155, 3, 48, 2),
	(156, 3, 48, 6),
	(157, 3, 48, 3),
	(158, 1, 49, 3),
	(159, 1, 49, 2),
	(160, 2, 50, 2),
	(161, 2, 51, 3),
	(162, 3, 52, 3),
	(163, 3, 53, 2),
	(164, 1, 54, 2),
	(165, 1, 55, 3),
	(166, 1, 56, 1),
	(167, 1, 56, 3),
	(168, 1, 56, 5),
	(169, 1, 56, 4),
	(170, 1, 56, 6),
	(171, 1, 56, 2),
	(172, 2, 57, 2),
	(173, 2, 57, 6),
	(174, 2, 57, 1),
	(175, 2, 57, 3),
	(176, 2, 57, 4),
	(177, 2, 57, 5),
	(178, 3, 58, 5),
	(179, 3, 58, 4),
	(180, 3, 58, 1),
	(181, 3, 58, 2),
	(182, 3, 58, 6),
	(183, 3, 58, 3),
	(184, 1, 59, 3),
	(185, 1, 59, 2),
	(186, 2, 60, 2),
	(187, 2, 61, 3),
	(188, 3, 62, 3),
	(189, 3, 63, 2),
	(190, 1, 64, 2),
	(191, 1, 65, 3),
	(192, 1, 66, 1),
	(193, 1, 66, 3),
	(194, 1, 66, 5),
	(195, 1, 66, 4),
	(196, 1, 66, 6),
	(197, 1, 66, 2),
	(198, 2, 67, 2),
	(199, 2, 67, 6),
	(200, 2, 67, 1),
	(201, 2, 67, 3),
	(202, 2, 67, 4),
	(203, 2, 67, 5),
	(204, 3, 68, 5),
	(205, 3, 68, 4),
	(206, 3, 68, 1),
	(207, 3, 68, 2),
	(208, 3, 68, 6),
	(209, 3, 68, 3),
	(210, 1, 69, 3),
	(211, 1, 69, 2),
	(212, 2, 70, 2),
	(213, 2, 71, 3),
	(214, 3, 72, 3),
	(215, 3, 73, 2),
	(216, 1, 74, 2),
	(217, 1, 75, 3),
	(218, 1, 76, 1),
	(219, 1, 76, 3),
	(220, 1, 76, 5),
	(221, 1, 76, 4),
	(222, 1, 76, 6),
	(223, 1, 76, 2),
	(224, 2, 77, 2),
	(225, 2, 77, 6),
	(226, 2, 77, 1),
	(227, 2, 77, 3),
	(228, 2, 77, 4),
	(229, 2, 77, 5),
	(230, 3, 78, 5),
	(231, 3, 78, 4),
	(232, 3, 78, 1),
	(233, 3, 78, 2),
	(234, 3, 78, 6),
	(235, 3, 78, 3),
	(236, 1, 79, 3),
	(237, 1, 79, 2),
	(238, 2, 80, 2),
	(239, 2, 81, 3),
	(240, 3, 82, 3),
	(241, 3, 83, 2),
	(242, 1, 84, 2),
	(243, 1, 85, 3),
	(244, 1, 86, 1),
	(245, 1, 86, 3),
	(246, 1, 86, 5),
	(247, 1, 86, 4),
	(248, 1, 86, 6),
	(249, 1, 86, 2),
	(250, 2, 87, 2),
	(251, 2, 87, 6),
	(252, 2, 87, 1),
	(253, 2, 87, 3),
	(254, 2, 87, 4),
	(255, 2, 87, 5),
	(256, 3, 88, 5),
	(257, 3, 88, 4),
	(258, 3, 88, 1),
	(259, 3, 88, 2),
	(260, 3, 88, 6),
	(261, 3, 88, 3),
	(262, 1, 89, 3),
	(263, 1, 89, 2),
	(264, 2, 90, 2),
	(265, 2, 91, 3),
	(266, 3, 92, 3),
	(267, 3, 93, 2),
	(268, 1, 94, 2),
	(269, 1, 95, 3),
	(270, 1, 96, 1),
	(271, 1, 96, 3),
	(272, 1, 96, 5),
	(273, 1, 96, 4),
	(274, 1, 96, 6),
	(275, 1, 96, 2),
	(276, 2, 97, 2),
	(277, 2, 97, 6),
	(278, 2, 97, 1),
	(279, 2, 97, 3),
	(280, 2, 97, 4),
	(281, 2, 97, 5),
	(282, 3, 98, 5),
	(283, 3, 98, 4),
	(284, 3, 98, 1),
	(285, 3, 98, 2),
	(286, 3, 98, 6),
	(287, 3, 98, 3);
/*!40000 ALTER TABLE `film_seance` ENABLE KEYS */;


-- Dumping structure for table cinema_example.hall
CREATE TABLE IF NOT EXISTS `hall` (
  `id` int(11) NOT NULL AUTO_INCREMENT,
  `cinema_id` int(11) NOT NULL,
  `name` varchar(50) NOT NULL,
  PRIMARY KEY (`id`),
  KEY `FK_hall_cinema` (`cinema_id`),
  CONSTRAINT `FK_hall_cinema` FOREIGN KEY (`cinema_id`) REFERENCES `cinema` (`id`) ON DELETE NO ACTION ON UPDATE NO ACTION
) ENGINE=InnoDB AUTO_INCREMENT=7 DEFAULT CHARSET=utf8;

-- Dumping data for table cinema_example.hall: ~6 rows (approximately)
/*!40000 ALTER TABLE `hall` DISABLE KEYS */;
INSERT INTO `hall` (`id`, `cinema_id`, `name`) VALUES
	(1, 1, 'Hall1C1'),
	(2, 1, 'Hall2C1'),
	(3, 1, 'Hall3C1'),
	(4, 2, 'Hall1C2'),
	(5, 2, 'Hall2C2'),
	(6, 3, 'Hall1C3');
/*!40000 ALTER TABLE `hall` ENABLE KEYS */;


-- Dumping structure for table cinema_example.place
CREATE TABLE IF NOT EXISTS `place` (
  `id` int(11) NOT NULL AUTO_INCREMENT,
  `hall_id` int(11) NOT NULL,
  `number` int(11) NOT NULL,
  PRIMARY KEY (`id`),
  UNIQUE KEY `uniq_hall_is_number` (`number`,`hall_id`),
  KEY `FK_place_hall` (`hall_id`),
  CONSTRAINT `FK_place_hall` FOREIGN KEY (`hall_id`) REFERENCES `hall` (`id`) ON DELETE NO ACTION ON UPDATE NO ACTION
) ENGINE=InnoDB AUTO_INCREMENT=22 DEFAULT CHARSET=utf8;

-- Dumping data for table cinema_example.place: ~21 rows (approximately)
/*!40000 ALTER TABLE `place` DISABLE KEYS */;
INSERT INTO `place` (`id`, `hall_id`, `number`) VALUES
	(1, 1, 1),
	(4, 2, 1),
	(9, 3, 1),
	(12, 4, 1),
	(14, 5, 1),
	(19, 6, 1),
	(2, 1, 2),
	(5, 2, 2),
	(10, 3, 2),
	(13, 4, 2),
	(15, 5, 2),
	(20, 6, 2),
	(3, 1, 3),
	(6, 2, 3),
	(11, 3, 3),
	(16, 5, 3),
	(21, 6, 3),
	(7, 2, 4),
	(17, 5, 4),
	(8, 2, 5),
	(18, 5, 5);
/*!40000 ALTER TABLE `place` ENABLE KEYS */;


-- Dumping structure for table cinema_example.seance
CREATE TABLE IF NOT EXISTS `seance` (
  `id` int(11) NOT NULL AUTO_INCREMENT,
  `time` timestamp NOT NULL DEFAULT '0000-00-00 00:00:00',
  PRIMARY KEY (`id`)
) ENGINE=InnoDB AUTO_INCREMENT=99 DEFAULT CHARSET=utf8;

-- Dumping data for table cinema_example.seance: ~7 rows (approximately)
/*!40000 ALTER TABLE `seance` DISABLE KEYS */;
INSERT INTO `seance` (`id`, `time`) VALUES
	(1, '2014-05-26 10:00:00'),
	(2, '2014-05-26 12:00:00'),
	(3, '2014-05-26 14:00:00'),
	(4, '2014-05-26 16:00:00'),
	(5, '2014-05-26 18:00:00'),
	(6, '2014-05-26 20:00:00'),
	(7, '2014-05-26 22:00:00'),
	(8, '2014-05-27 10:00:00'),
	(9, '2014-05-27 12:00:00'),
	(10, '2014-05-27 14:00:00'),
	(11, '2014-05-27 16:00:00'),
	(12, '2014-05-27 18:00:00'),
	(13, '2014-05-27 20:00:00'),
	(14, '2014-05-27 22:00:00'),
	(15, '2014-05-28 10:00:00'),
	(16, '2014-05-28 12:00:00'),
	(17, '2014-05-28 14:00:00'),
	(18, '2014-05-28 16:00:00'),
	(19, '2014-05-28 18:00:00'),
	(20, '2014-05-28 20:00:00'),
	(21, '2014-05-28 22:00:00'),
	(22, '2014-05-29 10:00:00'),
	(23, '2014-05-29 12:00:00'),
	(24, '2014-05-29 14:00:00'),
	(25, '2014-05-29 16:00:00'),
	(26, '2014-05-29 18:00:00'),
	(27, '2014-05-29 20:00:00'),
	(28, '2014-05-29 22:00:00'),
	(29, '2014-05-30 10:00:00'),
	(30, '2014-05-30 12:00:00'),
	(31, '2014-05-30 14:00:00'),
	(32, '2014-05-30 16:00:00'),
	(33, '2014-05-30 18:00:00'),
	(34, '2014-05-30 20:00:00'),
	(35, '2014-05-30 22:00:00'),
	(36, '2014-05-31 10:00:00'),
	(37, '2014-05-31 12:00:00'),
	(38, '2014-05-31 14:00:00'),
	(39, '2014-05-31 16:00:00'),
	(40, '2014-05-31 18:00:00'),
	(41, '2014-05-31 20:00:00'),
	(42, '2014-05-31 22:00:00'),
	(43, '2014-06-01 10:00:00'),
	(44, '2014-06-01 12:00:00'),
	(45, '2014-06-01 14:00:00'),
	(46, '2014-06-01 16:00:00'),
	(47, '2014-06-01 18:00:00'),
	(48, '2014-06-01 20:00:00'),
	(49, '2014-06-01 22:00:00'),
	(50, '2014-06-02 10:00:00'),
	(51, '2014-06-02 12:00:00'),
	(52, '2014-06-02 14:00:00'),
	(53, '2014-06-02 16:00:00'),
	(54, '2014-06-02 18:00:00'),
	(55, '2014-06-02 20:00:00'),
	(56, '2014-06-02 22:00:00'),
	(57, '2014-06-03 10:00:00'),
	(58, '2014-06-03 12:00:00'),
	(59, '2014-06-03 14:00:00'),
	(60, '2014-06-03 16:00:00'),
	(61, '2014-06-03 18:00:00'),
	(62, '2014-06-03 20:00:00'),
	(63, '2014-06-03 22:00:00'),
	(64, '2014-06-04 10:00:00'),
	(65, '2014-06-04 12:00:00'),
	(66, '2014-06-04 14:00:00'),
	(67, '2014-06-04 16:00:00'),
	(68, '2014-06-04 18:00:00'),
	(69, '2014-06-04 20:00:00'),
	(70, '2014-06-04 22:00:00'),
	(71, '2014-06-05 10:00:00'),
	(72, '2014-06-05 12:00:00'),
	(73, '2014-06-05 14:00:00'),
	(74, '2014-06-05 16:00:00'),
	(75, '2014-06-05 18:00:00'),
	(76, '2014-06-05 20:00:00'),
	(77, '2014-06-05 22:00:00'),
	(78, '2014-06-06 10:00:00'),
	(79, '2014-06-06 12:00:00'),
	(80, '2014-06-06 14:00:00'),
	(81, '2014-06-06 16:00:00'),
	(82, '2014-06-06 18:00:00'),
	(83, '2014-06-06 20:00:00'),
	(84, '2014-06-06 22:00:00'),
	(85, '2014-06-07 10:00:00'),
	(86, '2014-06-07 12:00:00'),
	(87, '2014-06-07 14:00:00'),
	(88, '2014-06-07 16:00:00'),
	(89, '2014-06-07 18:00:00'),
	(90, '2014-06-07 20:00:00'),
	(91, '2014-06-07 22:00:00'),
	(92, '2014-06-08 10:00:00'),
	(93, '2014-06-08 12:00:00'),
	(94, '2014-06-08 14:00:00'),
	(95, '2014-06-08 16:00:00'),
	(96, '2014-06-08 18:00:00'),
	(97, '2014-06-08 20:00:00'),
	(98, '2014-06-08 22:00:00');
/*!40000 ALTER TABLE `seance` ENABLE KEYS */;


-- Dumping structure for table cinema_example.ticket_order
CREATE TABLE IF NOT EXISTS `ticket_order` (
  `id` int(11) NOT NULL AUTO_INCREMENT,
  `create_date` timestamp NOT NULL DEFAULT CURRENT_TIMESTAMP,
  `film_seance_id` int(11) NOT NULL,
  `place_id` int(11) NOT NULL,
  `key` varchar(50) NOT NULL,
  PRIMARY KEY (`id`),
  UNIQUE KEY `uniq_place_id_film_seance_id` (`place_id`,`film_seance_id`),
  KEY `FK_ticket_order_film_seance` (`film_seance_id`),
  CONSTRAINT `FK_ticket_order_film_seance` FOREIGN KEY (`film_seance_id`) REFERENCES `film_seance` (`id`) ON DELETE NO ACTION ON UPDATE NO ACTION,
  CONSTRAINT `FK_ticket_order_place` FOREIGN KEY (`place_id`) REFERENCES `place` (`id`) ON DELETE NO ACTION ON UPDATE NO ACTION
) ENGINE=InnoDB AUTO_INCREMENT=29 DEFAULT CHARSET=utf8;

-- Dumping data for table cinema_example.ticket_order: ~4 rows (approximately)
/*!40000 ALTER TABLE `ticket_order` DISABLE KEYS */;
INSERT INTO `ticket_order` (`id`, `create_date`, `film_seance_id`, `place_id`, `key`) VALUES
	(27, '2014-05-26 19:48:32', 15, 5, 'ticket_53837e703a0f1'),
	(28, '2014-05-26 19:48:32', 15, 8, 'ticket_53837e703a0f1');
/*!40000 ALTER TABLE `ticket_order` ENABLE KEYS */;
/*!40101 SET SQL_MODE=IFNULL(@OLD_SQL_MODE, '') */;
/*!40014 SET FOREIGN_KEY_CHECKS=IF(@OLD_FOREIGN_KEY_CHECKS IS NULL, 1, @OLD_FOREIGN_KEY_CHECKS) */;
/*!40101 SET CHARACTER_SET_CLIENT=@OLD_CHARACTER_SET_CLIENT */;
